"","kBET.expected","kBET.observed","kBET.signif"
"mean",0.0703933333333333,0.81944,0
"2.5%",0.06315,0.804,0
"50%",0.071,0.819,0
"97.5%",0.0764416666666667,0.835,0
