"","kBET.expected","kBET.observed","kBET.signif"
"mean",0.00952,0.76168,0
"2.5%",0.00715,0.74645,0
"50%",0.00966666666666667,0.762,0
"97.5%",0.0115916666666667,0.774,0
