"","kBET.expected","kBET.observed","kBET.signif"
"mean",0.0230066666666667,0.85868,0
"2.5%",0.020075,0.843675,0
"50%",0.023,0.859,0
"97.5%",0.0262583333333333,0.871775,0
