"","kBET.expected","kBET.observed","kBET.signif"
"mean",0.0032,0.75094,0
"2.5%",0.002,0.735675,0
"50%",0.00316666666666667,0.748,0
"97.5%",0.00433333333333333,0.771775,0
