"","kBET.expected","kBET.observed","kBET.signif"
"mean",0.000186666666666667,0.78872,0
"2.5%",0,0.776,0
"50%",0.000333333333333333,0.788,0
"97.5%",0.000333333333333333,0.806325,0
