"","kBET.expected","kBET.observed","kBET.signif"
"mean",0.04234,0.79644,0
"2.5%",0.038075,0.784,0
"50%",0.0426666666666667,0.795,0
"97.5%",0.04585,0.811,0
