"","kBET.expected","kBET.observed","kBET.signif"
"mean",0.000813333333333333,1,0
"2.5%",0.000333333333333333,1,0
"50%",0.000666666666666667,1,0
"97.5%",0.00133333333333333,1,0
