"","kBET.expected","kBET.observed","kBET.signif"
"mean",0.00413333333333333,0.77196,0
"2.5%",0.00240833333333333,0.760225,0
"50%",0.004,0.771,0
"97.5%",0.005925,0.7891,0
