"","kBET.expected","kBET.observed","kBET.signif"
"mean",0.00984,0.70712,0
"2.5%",0.00715,0.68845,0
"50%",0.01,0.707,0
"97.5%",0.0122583333333333,0.724775,0
