"","kBET.expected","kBET.observed","kBET.signif"
"mean",0.0078,0.92424,0
"2.5%",0.006,0.915,0
"50%",0.00783333333333333,0.925,0
"97.5%",0.009925,0.93455,0
