"","kBET.expected","kBET.observed","kBET.signif"
"mean",0.0160533333333333,0.99898,0
"2.5%",0.013,0.998,0
"50%",0.016,0.999,0
"97.5%",0.0191083333333333,1,0
