"","kBET.expected","kBET.observed","kBET.signif"
"mean",0.01214,0.98824,0
"2.5%",0.01,0.984,0
"50%",0.012,0.988,0
"97.5%",0.0143333333333333,0.993,0
