"","kBET.expected","kBET.observed","kBET.signif"
"mean",0.00394666666666667,0.9958,0
"2.5%",0.00266666666666667,0.993225,0
"50%",0.004,0.996,0
"97.5%",0.005,0.998,0
