"","kBET.expected","kBET.observed","kBET.signif"
"mean",0.0191066666666667,0.5369,0
"2.5%",0.016,0.522225,0
"50%",0.019,0.5365,0
"97.5%",0.022,0.558875,0
