"","kBET.expected","kBET.observed","kBET.signif"
"mean",0.00195333333333333,0.85184,0
"2.5%",0.001075,0.83745,0
"50%",0.002,0.8525,0
"97.5%",0.002925,0.862775,0
