"","kBET.expected","kBET.observed","kBET.signif"
"mean",0.00548,0.75786,0
"2.5%",0.00374166666666667,0.744225,0
"50%",0.00533333333333333,0.759,0
"97.5%",0.007,0.772775,0
